hn,date_of_submission,species,submitted_sample,submitted_sample_category,vitek_id,bacteria_genus,report_issued_date,type,ans_amikacin,ans_amoxicillin/clavulanic acid,ans_cefalexin,ans_cefazolin,ans_cefixime,ans_cefovecin,ans_cefpodoxime,ans_ceftriaxone,ans_chloramphenicol,ans_clindamycin,ans_doxycycline,ans_enrofloxacin,ans_fosfomycin,ans_gentamicin,ans_imipenem,ans_marbofloxacin,ans_metronidazole,ans_nitrofurantoin,ans_piperacillin/tazobactam,ans_polymyxin b,ans_pradofloxacin,ans_rifampicin,ans_tetracycline,ans_trimethoprim/sulfamethoxazole,S/I/R_amikacin,S/I/R_amoxicillin/clavulanic acid,S/I/R_ampicillin,S/I/R_cefalexin,S/I/R_cefalotin,S/I/R_cefovecin,S/I/R_cefpodoxime,S/I/R_ceftiofur,S/I/R_chloramphenicol,S/I/R_doxycycline,S/I/R_enrofloxacin,S/I/R_esbl,S/I/R_gentamicin,S/I/R_imipenem,S/I/R_marbofloxacin,S/I/R_neomycin,S/I/R_nitrofurantoin,S/I/R_piperacillin,S/I/R_polymyxin b,S/I/R_pradofloxacin,S/I/R_rifampicin,S/I/R_tetracycline,S/I/R_tobramycin,S/I/R_trimethoprim/sulfamethoxazole,id
5910814,2021-01-07,dog,ub mucosa,urinary tract,GN,escherichia,2021-01-12,test,False,False,False,False,False,False,False,False,False,False,False,False,False,False,True,True,False,False,False,False,False,False,False,False,R,R,R,R,R,R,R,R,R,R,I,-,I,S,S,S,S,,,I,,R,,R,3131
6400789,2021-01-20,dog,lung,xxrare,GN,escherichia,2021-01-25,test,True,False,False,False,False,False,False,False,False,False,False,False,False,False,True,False,False,False,False,False,False,False,False,False,S,R,R,R,R,R,R,R,R,I,R,-,R,S,R,S,R,,,R,,R,,R,3132
6315628,2021-01-06,dog,prostate,urogenital system,GN,pseudomonas,2021-01-08,test,False,False,False,False,False,False,False,False,False,False,False,False,False,False,False,True,False,False,False,False,False,False,False,False,S,,,,,,,,,,I,,S,S,S,,,,,,,,,,3133
6400547,2021-01-14,dog,urine,urinary tract,GN,escherichia,2021-01-20,test,True,False,False,False,False,False,False,False,False,False,False,False,False,False,False,True,False,False,False,False,False,False,False,True,S,S,R,R,R,R,R,R,S,R,I,+,S,S,S,S,S,,,I,,R,,S,3134
6007003,2021-01-12,dog,urine,urinary tract,GN,klebsiella,2021-01-19,test,False,True,True,False,False,True,False,False,False,False,False,False,False,False,False,False,False,False,False,False,False,False,False,True,S,S,R,S,S,S,S,S,S,S,S,-,S,S,S,S,I,,,S,,S,,S,3135
6212121,2021-01-11,cat,urine,urinary tract,GN,pseudomonas,2021-01-14,test,True,False,False,False,False,False,False,False,False,False,False,False,False,True,True,False,False,False,False,False,False,False,False,False,S,,,,,,,,,,R,,S,S,R,,,,,,,,,,3136
6314892,2021-01-07,cat,urine,urinary tract,GN,escherichia,2021-01-12,test,True,False,False,False,False,False,False,False,False,False,False,False,False,True,True,False,False,False,False,False,False,False,False,False,S,R,R,R,R,R,R,R,R,R,R,+,S,S,R,S,S,,,R,,R,,R,3137
6400083,2021-01-04,cat,urine,urinary tract,GN,escherichia,2021-01-08,test,True,False,False,False,False,False,False,False,False,False,False,False,False,False,True,False,False,False,False,False,False,False,False,False,S,S,R,R,R,R,R,R,S,R,R,+,R,S,R,S,S,,,R,,R,,R,3138
6403686,2021-03-22,dog,nasal discharge,nasal cavity,GN,pseudomonas,2021-03-29,test,True,False,False,False,False,False,False,False,False,False,False,False,False,True,False,True,False,False,False,False,False,False,False,False,S,,,,,R,,R,,,I,,S,S,S,,,,,,,,,,3139
เธฃเธเธช.เน€เธเธฃเธดเธเธชเธธเธ (เธเธดเธ•เธ•เธตเน),2021-03-23,dog,urine,urinary tract,GN,pseudomonas,2021-03-29,test,True,False,False,False,False,False,False,False,False,False,False,False,False,False,True,False,False,False,False,False,False,False,False,False,S,,,,,R,,R,R,R,R,,R,S,R,,,,,,,R,,R,3140
6403762,2021-03-23,cat,crust from skin,skin,GN,escherichia,2021-03-30,test,True,False,False,False,False,False,False,False,False,False,False,False,False,True,True,True,False,False,False,False,False,False,False,False,S,R,R,R,R,S,S,S,R,R,I,-,S,S,S,S,S,,,I,,R,,R,3141
5904550,2021-04-19,dog,urine,urinary tract,GN,pseudomonas,2021-04-23,test,False,False,False,False,False,False,False,False,False,False,False,False,False,False,True,False,False,False,False,False,False,False,False,False,R,,,,,R,,R,,,R,,I,S,R,,,,,,,,,,3142
เธฃเธเธช.เธ—เธญเธเธซเธฅเนเธญ เธเธฃเธฐเธฃเธฒเธก 9 (Chocolate),2021-04-26,dog,urine,urinary tract,GN,acinetobacter,2021-04-28,test,False,False,False,False,False,False,False,False,False,False,False,False,False,True,False,False,False,False,False,False,False,False,False,True,,,,,,,,,,R,R,,S,R,R,,,,,,,R,,S,3143
6216837,2021-04-22,dog,purulent,abscess,GN,proteus,2021-04-27,test,False,False,False,False,False,False,False,False,False,False,False,False,False,False,True,False,False,False,False,False,False,False,False,False,S,S,R,R,R,R,R,R,R,R,R,,I,S,R,S,R,,,R,,R,,S,3144
6210597,2021-04-07,dog,urine,urinary tract,GN,proteus,2021-04-16,test,False,False,True,False,False,True,False,False,False,False,False,False,False,True,False,False,False,False,False,False,False,False,False,False,I,R,R,S,S,S,R,I,S,R,R,,S,S,R,I,R,,,R,,R,,R,3145
Exvetlab (A120),2021-03-29,dog,urine,urinary tract,GN,escherichia,2021-04-01,test,True,False,False,False,False,False,False,False,False,False,False,False,False,False,True,False,False,False,False,False,False,False,False,False,S,R,R,R,R,R,R,R,I,R,R,-,R,S,R,S,I,,,R,,R,,R,3146
6404342,2021-04-05,dog,nasal discharge,nasal cavity,GN,proteus,2021-04-09,test,False,False,False,False,False,True,False,False,False,False,False,True,False,False,False,True,False,False,False,False,False,False,False,False,S,I,R,R,R,S,S,S,S,R,S,,S,R,S,S,R,,,S,,R,,R,3147
6401245,2021-03-30,cat,urine,urinary tract,GN,klebsiella,2021-04-02,test,False,False,False,False,False,False,False,False,False,False,False,False,False,False,True,False,False,False,False,False,False,False,False,False,I,R,R,R,R,R,R,I,S,R,R,-,I,I,R,I,R,,,R,,R,,R,3148
6404833,2021-04-19,cat,opened wound,wound,GN,serratia,2021-04-26,test,False,False,False,False,False,False,False,False,False,False,False,False,False,False,False,True,False,False,False,False,True,False,False,True,S,R,,R,R,R,,R,R,R,S,,S,,S,S,R,,,S,,R,,S,3149
6312427,2021-04-21,cat,pleural fluid,pleural effusion,GN,pasteurella,2021-04-28,test,False,True,False,False,False,False,False,False,False,False,False,True,False,False,False,True,False,False,False,False,False,False,False,True,,S,S,S,,,S,S,S,,S,,S,S,S,,,,,S,,R,,S,3150
5613705,2021-05-10,dog,urine,urinary tract,GN,proteus,2021-05-03,test,False,True,True,False,False,True,False,False,False,False,False,False,False,False,False,False,False,False,False,False,False,False,False,False,S,S,S,S,S,S,S,S,S,R,R,,S,R,S,I,R,,,R,,R,,R,3151
6405764,2021-05-13,dog,urine,urinary tract,GN,klebsiella,2021-05-18,test,True,False,False,False,False,False,False,False,False,False,False,False,False,True,True,False,False,False,False,False,False,False,False,False,S,R,R,R,R,R,R,R,R,R,R,-,S,S,R,I,I,,,R,,R,,R,3152
6404126,2021-04-30,dog,urine,urinary tract,GN,acinetobacter,2021-05-07,test,False,False,False,False,False,False,False,False,False,False,True,True,False,False,False,True,False,False,False,False,False,False,False,True,S,,,,,,,,,S,S,,S,S,S,,,,,,,S,,S,3153
6405121,2021-04-27,dog,ub mucosa,urinary tract,GN,stenotrophomonas,2021-05-05,test,False,False,False,False,False,False,False,False,False,False,False,False,False,False,False,False,False,False,False,False,False,False,False,True,,,,,,,,,,,,,,,,,,,,,,,,S,3154
5905549,2021-05-10,dog,urine,urinary tract,GN,proteus,2021-05-03,test,True,False,False,False,True,True,False,False,False,False,False,False,False,True,False,False,False,False,False,False,False,False,False,False,S,I,R,I,S,S,S,S,R,R,R,,S,S,I,I,R,,,I,,R,,R,3155
6405042,2021-05-03,cat,urine,urinary tract,GN,klebsiella,2021-05-11,test,True,False,False,False,False,False,False,False,False,False,False,False,False,True,True,False,False,False,False,False,False,False,False,False,S,R,R,R,R,I,I,I,R,R,R,-,S,S,R,S,I,,,R,,R,,R,3156
Vet Clinical Center (เธ”เธงเธเธ”เธต),2021-05-24,cat,wound,wound,GN,enterobacter,2021-05-28,test,True,False,False,False,False,False,False,False,False,False,False,False,False,False,False,True,False,False,False,False,False,False,False,False,S,R,,R,R,R,R,R,R,I,I,,R,S,S,S,S,,,I,,R,,R,3157
6105513,2020-01-19,dog,urine,urinary tract,GN,escherichia,2020-01-23,test,False,True,True,False,False,True,False,False,False,False,False,False,False,False,False,False,False,False,False,False,False,False,False,False,S,S,R,S,S,S,S,S,R,S,R,-,S,S,R,I,S,,,R,,R,,R,3158
6108347,2020-01-17,dog,urine,urinary tract,GN,acinetobacter,2020-01-27,test,False,False,False,False,False,False,False,False,False,False,False,True,False,False,False,True,False,False,False,False,False,False,False,False,,,,,,,,,,S,S,,S,S,S,,,,,,,S,,S,3159
Vet Clinical Center (เนเธซเธเธก),2020-01-20,dog,urine,urinary tract,GN,escherichia,2020-01-23,test,False,True,True,False,False,True,False,False,False,False,False,False,False,False,False,False,False,False,False,False,False,False,False,True,S,S,S,S,S,S,S,S,S,S,S,-,S,S,S,S,S,,,S,,S,,S,3160
5910892,2020-01-06,dog,abdominal fluid,abdomen,GN,klebsiella,2020-01-09,test,False,True,True,False,False,True,False,False,False,False,False,False,False,False,False,False,False,False,False,False,False,False,False,True,S,S,R,S,S,S,S,S,S,R,I,-,S,S,S,S,I,,,I,,R,,S,3161
6213142,2020-01-14,dog,urine,urinary tract,GN,proteus,2020-01-17,test,False,True,True,False,False,True,False,False,False,False,False,False,False,False,False,False,False,False,False,False,False,False,False,True,S,S,S,S,S,S,S,S,S,R,S,,S,I,S,S,R,,,S,,R,,S,3162
6300142,2020-01-08,dog,urine,urinary tract,GN,klebsiella,2020-01-13,test,True,False,False,False,False,False,False,False,False,False,False,False,False,False,True,False,False,True,False,False,False,False,False,False,S,R,R,R,R,R,R,R,R,R,R,-,R,S,R,S,S,,,R,,R,,R,3163
6301003,2020-01-24,dog,urine,urinary tract,GN,escherichia,2020-01-29,test,False,True,True,False,False,True,False,False,False,False,False,False,False,False,False,False,False,False,False,False,False,False,False,True,S,S,S,S,S,S,S,S,S,S,R,-,S,S,R,S,S,,,R,,S,,S,3164
5704069,2020-01-21,dog,urine,urinary tract,GN,serratia,2020-01-24,test,False,False,False,False,False,True,False,False,False,False,False,True,False,False,False,True,False,False,False,False,False,False,False,False,S,R,,R,R,S,,S,R,R,S,,S,,S,S,R,,,S,,R,,R,3165
6007567,2020-01-16,dog,urine,urinary tract,GN,myroides,2020-01-21,test,False,False,False,False,False,False,False,False,False,False,True,False,False,False,False,False,False,False,False,False,False,False,False,False,R,,,,,,,,S,S,R,,I,R,R,,,,,,,R,,R,3166
6109880,2020-01-13,cat,urine,urinary tract,GN,proteus,2020-01-16,test,False,True,False,False,False,True,False,False,False,False,False,False,False,False,False,False,False,False,False,False,False,False,False,True,S,S,S,I,S,S,S,S,S,R,S,,S,R,S,S,R,,,S,,R,,S,3167
6107723,2020-01-12,cat,opened wound,wound,GN,pseudomonas,2020-01-16,test,False,False,False,False,False,False,False,False,False,False,False,False,False,False,False,True,False,False,False,False,False,False,False,False,S,,,,,,,,,,I,,S,S,S,,,,,,,,,,3168
6301165,2020-01-26,cat,pleural effusion,pleural effusion,GN,salmonella,2020-01-30,test,False,True,False,False,False,False,False,False,False,False,False,False,False,False,False,False,False,False,False,False,False,False,False,False,S,S,R,R,R,S,S,S,S,R,S,,R,S,S,S,I,,,S,,R,,S,3169
6300478,2020-01-16,cat,urine,urinary tract,GN,klebsiella,2020-01-21,test,True,False,False,False,False,False,False,False,False,False,False,False,False,False,True,False,False,True,False,False,False,False,False,False,S,R,R,R,R,R,R,R,R,R,R,-,R,S,R,S,S,,,R,,R,,R,3170
6301052,2020-01-25,cat,opened wound,wound,GN,pseudomonas,2020-01-30,test,False,False,False,False,False,False,False,False,False,False,False,False,False,False,False,True,False,False,False,False,False,False,False,False,S,,,,,,,,,,S,,S,S,S,,,,,,,,,,3171
6301984,2020-02-14,dog,urine,urinary tract,GN,ralstonia,2020-02-19,test,False,False,False,False,False,False,False,False,False,False,False,False,False,False,False,False,False,False,False,False,False,False,False,True,R,,,,,,,,R,R,R,,R,R,R,,,,,,,R,,S,3172
5920098,2020-01-24,dog,abdominal cavity,abdomen,GN,escherichia,2020-02-05,test,False,False,False,False,False,False,False,False,False,False,False,False,False,False,True,False,False,False,False,False,False,False,False,False,R,R,R,R,R,R,R,R,R,R,R,+,R,S,R,S,S,,,R,,R,,R,3173
เธฃเธเธช.เธ—เธญเธเธซเธฅเนเธญ เธเธฃเธฐเธฃเธฒเธก 9,2020-02-12,dog,urine,urinary tract,GN,proteus,2020-02-17,test,False,False,True,False,False,True,False,False,False,False,False,False,False,False,False,False,False,False,False,False,False,False,False,False,S,I,R,S,S,S,S,S,S,R,S,,R,R,S,S,R,,,I,,R,,R,3174
5906423,2020-02-17,dog,urine,urinary tract,GN,escherichia,2020-02-20,test,False,True,True,False,False,True,False,False,False,False,False,False,False,False,False,False,False,False,False,False,False,False,False,False,S,S,R,S,S,S,S,S,S,I,R,-,R,S,R,S,S,,,R,,R,,R,3175
6302033,2020-02-17,dog,urine,urinary tract,GN,escherichia,2020-02-20,test,False,True,True,False,False,True,False,False,False,False,False,False,False,False,False,False,False,False,False,False,False,False,False,True,S,S,R,S,S,S,S,S,S,R,I,-,R,S,S,S,S,,,S,,R,,S,3176
6302196,2020-02-19,dog,urine,urinary tract,GN,enterobacter,2020-02-24,test,False,False,False,False,False,True,False,False,False,False,False,True,False,False,False,True,False,False,False,False,False,False,False,True,S,R,,R,R,S,S,S,S,S,S,,S,S,S,S,S,,,S,,S,,S,3177
5905879,2020-02-18,dog,urine,urinary tract,GN,escherichia,2020-02-21,test,False,True,True,False,False,True,False,False,False,False,False,False,False,False,False,False,False,False,False,False,False,False,False,True,S,S,R,S,S,S,S,S,S,S,R,-,R,S,R,S,S,,,R,,S,,S,3178
6302301,2020-02-21,dog,urine,urinary tract,GN,proteus,2020-02-25,test,False,True,True,False,False,True,False,False,False,False,False,False,False,False,False,False,False,False,False,False,False,False,False,False,S,S,S,S,S,S,S,S,R,R,S,,S,R,S,S,R,,,S,,R,,R,3179
6011884,2020-02-03,dog,urine,urinary tract,GN,klebsiella,2020-02-06,test,False,True,True,False,False,True,False,False,False,False,False,False,False,False,False,False,False,False,False,False,False,False,False,True,R,S,R,S,S,S,S,S,R,S,R,-,R,S,R,S,S,,,R,,S,,S,3180
6300671,2020-01-31,dog,implant,extremely rare,GN,escherichia,2020-02-06,test,True,False,False,False,False,False,False,False,False,False,False,False,False,False,False,False,False,False,False,False,False,False,False,False,S,R,R,R,R,R,R,R,S,R,I,-,S,R,S,S,S,,,I,,S,,R,3181
6302404,2020-02-24,cat,opened wound,wound,GN,escherichia,2020-02-27,test,False,False,False,False,False,True,False,False,False,False,False,True,False,False,False,True,False,False,False,False,False,False,False,True,S,R,R,R,R,S,S,S,R,R,S,-,S,S,S,S,S,,,S,,R,,S,3182
6216114,2020-01-31,cat,abdominal fluid,abdomen,GN,klebsiella,2020-02-06,test,False,True,True,False,False,True,False,False,False,False,False,False,False,False,False,False,False,False,False,False,False,False,False,True,S,S,R,S,S,S,S,S,S,S,S,-,S,S,S,S,I,,,S,,S,,S,3183
6300998,2020-02-25,cat,urine,urinary tract,GN,escherichia,2020-02-28,test,False,False,True,False,False,True,False,False,False,False,False,False,False,False,False,False,False,False,False,False,False,False,False,True,S,R,R,S,S,S,S,S,R,I,I,-,S,S,S,S,R,,,I,,R,,S,3184
6301553,2020-02-07,cat,ub mucosa,urinary tract,GN,pseudomonas,2020-02-14,test,False,False,False,False,False,False,False,False,False,False,True,False,False,False,False,True,False,False,False,False,False,False,False,False,S,,,,,,,,R,S,S,,S,S,S,,,,,,,S,,R,3185
เธฃเธเธช.เธ—เธญเธเธซเธฅเนเธญ R9 (เธเธฒเธฃเนเธเธดเธงเธชเน),2020-03-13,dog,urine,urinary tract,GN,pseudomonas,2020-03-19,test,True,False,False,False,False,False,False,False,False,False,False,False,False,False,True,False,False,False,False,False,False,False,False,False,S,,,,,,,,,,R,,R,S,R,,,,,,,,,,3186
5600971,2020-02-28,dog,pus,skin,GN,klebsiella,2020-03-04,test,False,False,True,False,False,True,False,False,False,False,True,False,False,False,False,False,False,False,False,False,False,False,False,False,R,R,R,S,S,S,S,S,R,S,R,-,S,S,R,S,I,,,R,,S,,S,3187
6302988,2020-03-12,dog,opened wound,wound,GN,proteus,2020-03-18,test,False,True,False,False,False,True,False,False,False,False,False,False,False,False,False,False,False,False,False,False,False,False,False,True,S,S,R,R,S,S,S,I,S,R,R,,S,R,R,S,R,,,R,,R,,S,3188
5507066,2020-03-17,dog,urine,urinary tract,GN,escherichia,2020-03-24,test,False,True,True,False,False,True,False,False,False,False,False,False,False,False,False,False,False,False,False,False,False,False,False,True,S,S,R,S,R,S,S,S,S,I,R,-,R,S,R,S,S,,,R,,R,,S,3189
6300837,2020-03-17,dog,abdominal fluid,abdomen,GN,acinetobacter,2020-03-24,test,False,False,False,False,False,False,False,False,False,False,True,False,False,False,False,False,False,False,False,False,False,False,False,True,,,,,,,,,,S,S,,S,S,S,,,,,,,R,,S,3190
6301282,2020-03-18,dog,urine,urinary tract,GN,pseudomonas,2020-03-26,test,False,False,False,False,False,False,False,False,False,False,False,True,False,False,False,True,False,False,False,False,False,False,False,False,S,,,,,,,,,,S,,I,S,S,,,,,,,,,,3191
Exvetlab (A16),2020-03-16,dog,urine,urinary tract,GN,proteus,2020-03-24,test,False,False,False,False,False,True,False,False,False,False,False,True,False,False,False,True,False,False,False,False,False,False,False,True,S,S,R,R,I,S,S,S,R,R,S,,S,S,S,S,R,,,S,,R,,S,3192
เธฃเธเธช.เน€เธเธฃเธดเธเธชเธธเธ (Gizmo),2020-03-01,dog,nasal discharge,nasal cavity,GN,burkholderia,2020-03-26,test,False,False,False,False,False,False,False,False,False,False,False,False,False,False,False,False,False,False,False,False,False,False,False,True,R,,,,,,,,R,R,R,,R,R,I,,,,,,,R,,S,3193
เธฃเธเธช.เน€เธเธฃเธดเธเธชเธธเธ (เธ•เธฑเนเธเนเธญเน),2020-03-02,dog,uterus swab,urogenital system,GN,escherichia,2020-03-05,test,False,True,False,False,False,True,False,False,False,False,False,False,False,False,False,False,False,False,False,False,False,False,False,True,S,S,S,R,R,S,S,S,S,S,S,-,S,S,S,S,S,,,S,,S,,S,3194
6010585,2020-10-06,dog,pg abscess,pg abscess,GN,escherichia,2020-10-09,test,False,False,False,False,False,False,False,False,False,False,False,True,False,False,False,True,False,False,False,False,False,False,False,True,S,S,S,R,R,S,S,S,S,S,S,-,S,S,S,S,S,,,S,,S,,S,3195
เธจเธงเธดเธ•เธฒ เธชเธฑเธเธ•เธดเธงเธดเธ เธฒเธฃเธฑเธ•เธเน (เนเธเนเธ”เธฒเธง),2020-03-05,dog,urine,urinary tract,GN,pseudomonas,2020-03-09,test,False,False,False,False,False,False,False,False,False,False,False,False,False,False,True,False,False,False,False,False,False,False,False,False,R,,,,,,,,,,R,,,S,R,,,,,,,,,,3196
เธเธเธเธญเธฃ เธชเธงเธฑเธชเธ”เธดเนเธ•เธฃเธฐเธเธนเธฅ (เธชเธฒเธกเธชเธต),2020-02-27,cat,urine,urinary tract,GN,proteus,2020-03-03,test,False,True,False,False,False,False,False,False,False,False,False,False,False,False,False,False,False,False,False,False,False,False,False,False,S,S,R,I,S,S,S,S,R,R,I,,S,R,S,I,R,,,R,,R,,R,3197
6216288,2020-03-12,cat,ear swab,ear,GN,pseudomonas,2020-03-27,test,False,False,False,False,False,False,False,False,False,False,False,False,False,False,False,True,False,False,False,False,False,False,False,False,S,,,,,,,,,,,,S,S,S,,,,,,,,,,3198
6303134,2020-03-10,cat,urine,urinary tract,GN,escherichia,2020-03-16,test,True,False,False,False,False,False,False,False,False,False,False,False,False,False,False,False,False,True,False,False,False,False,False,True,S,R,R,R,R,R,R,R,S,S,R,-,S,S,R,S,S,,,R,,S,,S,3199
Exvetlab (A17),2020-03-17,cat,urine,urinary tract,GN,escherichia,2020-03-24,test,False,False,False,False,False,False,False,False,False,False,False,False,False,False,True,False,False,True,False,False,False,False,False,False,R,R,R,R,R,R,R,R,R,S,R,-,R,S,R,R,S,,,R,,S,,R,3200
6300998,2020-03-03,cat,urine,urinary tract,GN,pseudomonas,2020-03-06,test,False,False,False,False,False,False,False,False,False,False,False,False,False,False,True,False,False,False,False,False,False,False,False,False,R,,,,,,,,,,R,,R,S,I,,,,,,,,,,3201
6205685,2020-03-31,dog,urine,urinary tract,GN,klebsiella,2020-04-06,test,True,False,False,False,False,False,False,False,False,False,False,False,False,False,True,False,False,False,False,False,False,False,False,False,S,S,R,R,R,R,R,R,R,R,I,+,R,S,R,S,R,,,R,,R,,R,3202
5905181,2020-04-17,dog,Skin Furunculosis/Paniculitis,skin,GN,proteus,2020-04-28,test,False,True,False,False,False,True,False,False,False,False,False,False,False,False,False,False,False,False,False,False,False,False,False,True,S,S,S,I,S,S,S,S,S,R,S,,S,I,S,S,R,,,S,,R,,S,3203
6101534,2020-04-20,dog,urine,urinary tract,GN,escherichia,2020-04-28,test,False,True,True,False,False,True,False,False,False,False,False,False,False,False,False,False,False,False,False,False,False,False,False,True,S,S,R,S,I,S,S,S,S,S,R,-,S,S,R,S,S,,,R,,S,,S,3204
6303820,2020-04-01,cat,urine,urinary tract,GN,ochrobactrum,2020-04-07,test,False,False,False,False,False,False,False,False,False,False,False,False,False,False,False,True,False,False,False,False,False,False,False,False,,,,,,,,,,,,-,,,,,,,,,,,,,3205
6304302,2020-04-22,cat,chest drain,xxrare,GN,pseudomonas,2020-04-30,test,True,False,False,False,False,False,False,False,False,False,False,False,False,False,False,True,False,False,False,False,False,False,False,False,S,,,,,,,,,,I,,S,S,S,,,,,,,,,,3206
6305258,2020-05-14,dog,urine,urinary tract,GN,acinetobacter,2020-05-25,test,False,False,False,False,False,False,False,False,False,False,True,True,False,False,False,True,False,False,False,False,False,False,False,True,S,,,,,,,,,S,S,,S,S,S,,,,,,,S,,S,3207
5914288,2020-05-01,dog,urine,urinary tract,GN,enterobacter,2020-05-07,test,False,False,False,False,False,False,False,False,False,False,False,True,False,False,False,True,False,False,False,False,False,False,False,True,S,R,,R,R,R,R,R,S,S,S,,S,S,S,S,S,,,S,,S,,S,3208
Exvetlab (A25),2020-05-13,dog,urine,urinary tract,GN,escherichia,2020-05-21,test,False,False,False,False,False,True,False,False,False,False,False,True,False,False,False,True,False,False,False,False,False,False,False,False,S,R,R,R,R,S,S,S,S,R,S,-,S,S,S,S,S,,,S,,R,,R,3209
6116499,2020-05-20,dog,urine,urinary tract,GN,escherichia,2020-05-27,test,True,False,False,False,False,False,False,False,False,False,False,False,False,True,False,False,False,True,False,False,False,False,False,False,S,S,R,R,R,R,R,R,S,S,R,+,S,S,R,S,S,,,R,,R,,R,3210
Exvetlab (A30),2020-05-20,dog,urine,urinary tract,GN,klebsiella,2020-05-27,test,False,False,False,False,False,False,False,False,False,False,False,False,False,False,True,False,False,False,False,False,False,False,False,False,R,R,R,R,R,R,R,R,R,I,R,+,R,R,R,R,R,,,R,,S,,R,3211
6205685,2020-05-26,dog,urine,urinary tract,GN,klebsiella,2020-05-29,test,False,True,False,False,False,False,False,False,False,False,False,False,False,False,False,False,False,False,False,False,False,False,False,False,I,S,R,R,R,R,R,R,R,R,R,+,R,S,R,S,R,,,R,,R,,R,3212
5519961,2020-05-25,dog,urine,urinary tract,GN,escherichia,2020-05-28,test,True,False,False,False,False,False,False,False,False,False,False,False,False,False,False,False,False,False,False,False,False,False,False,True,S,S,R,R,R,R,S,R,R,R,R,+,S,S,R,,R,,,,,I,,S,3213
6010585,2020-05-07,dog,abscess,abscess,GN,escherichia,2020-05-12,test,False,False,False,False,False,False,False,False,False,False,False,False,True,False,True,False,False,False,False,False,False,False,False,False,S,R,R,R,R,R,R,R,S,R,R,+,S,S,R,S,S,,,R,,R,,R,3214
6304765,2020-04-30,dog,urine,urinary tract,GN,klebsiella,2020-05-07,test,False,False,False,False,True,False,False,False,False,False,False,False,False,False,True,False,False,False,False,False,False,False,False,False,R,R,R,R,R,R,S,S,R,R,R,-,R,S,R,R,R,,,R,,R,,R,3215
6304765,2020-05-04,dog,prostate,urogenital system,GN,escherichia,2020-05-08,test,False,False,False,False,False,False,False,False,False,False,False,False,False,False,True,False,False,False,False,False,False,False,False,False,S,R,R,R,R,S,R,S,R,R,R,+,S,S,R,S,S,,,R,,R,,R,3216
6304411,2020-05-04,cat,urine,urinary tract,GN,klebsiella,2020-05-12,test,True,False,False,False,False,False,False,False,False,False,False,False,False,False,True,False,False,False,False,False,False,False,False,False,S,I,R,R,R,R,R,R,I,R,R,+,R,S,R,S,I,,,R,,R,,R,3217
6304189,2020-05-15,cat,opened wound,wound,GN,pseudomonas,2020-05-21,test,True,False,False,False,False,False,False,False,False,False,False,False,False,False,True,False,False,False,False,False,False,False,False,False,S,,,,,,,,,,R,,R,S,R,,,,,,,,,,3218
6200604,2020-05-19,cat,urine,urinary tract,GN,escherichia,2020-05-21,test,False,False,True,False,False,False,False,False,False,False,False,False,False,False,False,False,False,True,False,False,False,False,False,True,S,R,R,S,S,I,S,S,R,S,R,-,S,S,R,S,S,,,R,,S,,S,3219
6304640,2020-04-28,cat,urine,urinary tract,GN,pasteurella,2020-05-05,test,False,True,False,False,False,False,False,False,False,False,False,True,False,False,False,True,False,False,False,False,False,False,False,False,,S,S,S,,,S,S,S,,S,,S,S,S,S,,,,S,,S,,S,3220
6306529,2020-06-08,dog,urine,urinary tract,GN,proteus,2020-06-11,test,False,True,True,False,False,True,False,False,False,False,False,False,False,False,False,False,False,False,False,False,False,False,False,False,S,S,S,S,S,S,S,S,I,R,S,,S,R,S,S,R,,,S,,R,,R,3221
6305770,2020-05-30,dog,synovial fluid,orthopedic,GN,enterobacter,2020-06-05,test,False,False,False,False,False,False,False,False,False,False,False,False,False,False,True,False,False,False,False,False,False,False,False,False,S,R,,R,R,R,R,R,R,R,R,,S,S,R,S,S,,,R,,R,,R,3222
6306234,2020-06-02,dog,opened wound,wound,GN,citrobacter,2020-06-08,test,False,True,True,False,False,True,False,False,False,False,False,False,False,False,False,False,False,False,False,False,False,False,False,True,S,S,,S,S,S,S,S,S,S,S,,S,S,S,S,S,,,S,,S,,S,3223
6304148,2020-05-31,dog,ub mucosa,urinary tract,GN,escherichia,2020-06-05,test,False,False,False,False,False,False,False,False,False,False,False,True,False,False,False,True,False,False,False,False,False,False,False,False,S,R,R,R,R,R,R,I,S,R,S,-,S,S,S,S,S,,,I,,R,,R,3224
5917327,2020-06-11,dog,urine,urinary tract,GN,escherichia,2020-06-17,test,False,True,True,False,False,True,False,False,False,False,False,False,False,False,False,False,False,False,False,False,False,False,False,True,S,S,R,S,S,S,S,S,S,S,S,-,S,S,S,R,S,,,I,,R,,S,3225
5607646,2020-06-22,dog,crust from skin,skin,GN,acinetobacter,2020-06-24,test,False,False,False,False,False,False,False,False,False,False,False,False,False,False,False,False,False,False,False,False,False,False,False,False,,,,,,,,,,R,R,,R,R,R,,,,,,,R,,R,3226
6305671,2020-05-27,dog,urine,urinary tract,GN,pseudomonas,2020-06-01,test,True,False,False,False,False,False,False,False,False,False,False,False,False,False,False,False,False,False,False,False,False,False,False,False,S,,,,,,,,,,R,,R,R,R,,,,,,,,,,3227
6306248,2020-06-05,dog,urine,urinary tract,GN,enterobacter,2020-06-12,test,False,False,False,False,False,True,False,False,False,False,False,True,False,False,False,True,False,False,False,False,False,False,False,True,S,R,,R,R,S,S,S,S,S,S,,S,S,S,S,S,,,S,,S,,S,3228
6306672,2020-06-10,dog,urine,urinary tract,GN,morganella,2020-06-17,test,False,False,False,False,False,False,False,False,False,False,False,False,False,False,False,True,False,False,False,False,False,False,False,False,S,R,R,R,R,,,S,I,R,R,,R,I,S,S,R,,,I,,R,,R,3229
6305589,2020-06-04,dog,nasal discharge,nasal cavity,GN,pseudomonas,2020-06-10,test,False,False,False,False,False,False,False,False,False,False,False,True,False,False,False,True,False,False,False,False,False,False,False,False,S,,,,,,,,,,S,,S,S,S,,,,,,,,,,3230
5708985,2020-06-05,dog,urine,urinary tract,GN,escherichia,2020-06-10,test,False,False,False,False,False,False,False,False,False,False,False,False,False,False,True,False,False,False,False,False,False,False,False,False,R,R,R,R,R,R,R,R,I,S,R,+,R,S,R,S,I,,,R,,R,,R,3231
6305648,2020-05-29,cat,urine,urinary tract,GN,enterobacter,2020-06-05,test,True,False,False,False,False,False,False,False,False,False,False,False,False,True,True,False,False,True,False,False,False,False,False,False,S,R,,R,R,R,R,R,R,R,R,,S,S,R,S,S,,,R,,R,,R,3232
6305456,2020-06-17,cat,urine,urinary tract,GN,pseudomonas,2020-06-24,test,True,False,False,False,False,False,False,False,False,False,False,False,False,True,False,True,False,False,False,False,False,False,False,False,S,,,,,,,,,,I,,S,S,S,,,,,,,,,,3233
6307281,2020-06-23,cat,urine,urinary tract,GN,escherichia,2020-06-29,test,False,False,False,False,False,True,False,False,False,False,False,False,False,False,False,False,False,True,False,False,False,False,False,False,S,R,R,R,R,S,S,S,S,R,R,-,R,S,R,S,S,,,R,,R,,R,3234
6306181,2020-06-02,cat,urine,urinary tract,GN,acinetobacter,2020-06-10,test,False,False,False,False,False,False,False,False,False,False,True,False,False,False,False,False,False,False,False,False,False,False,False,True,,,,,,,,,,S,R,,S,S,R,,,,,,,S,,S,3235
6306965,2020-06-16,cat,bite wound,wound,GN,pasteurella,2020-06-19,test,False,True,True,False,False,False,False,False,False,False,False,False,False,False,False,False,False,False,False,False,False,False,False,True,,S,S,S,,,S,S,S,,S,,S,S,S,S,,,,S,,S,,S,3236
6307237,2020-06-29,dog,ub mucosa,urinary tract,GN,escherichia,2020-07-02,test,True,False,False,False,False,False,False,False,False,False,False,False,False,True,True,False,False,False,False,False,False,False,False,True,S,R,R,R,R,S,S,S,R,R,R,-,S,S,R,I,S,,,R,,R,,S,3237
6306486,2020-07-11,dog,urine,urinary tract,GN,klebsiella,2020-07-16,test,True,False,False,False,False,False,False,False,False,False,False,False,False,False,True,False,False,False,False,False,False,False,False,False,S,R,R,I,R,R,S,I,R,R,R,-,R,S,R,S,R,,,R,,R,,R,3238
6307287,2020-07-09,dog,urine,urinary tract,GN,escherichia,2020-07-14,test,False,False,False,False,False,False,False,False,False,False,False,False,False,False,False,False,False,True,False,False,False,False,False,False,R,R,R,R,R,R,R,R,R,R,R,+,R,S,R,S,S,,,R,,R,,R,3239
5913097,2020-07-10,dog,abdominal fluid,abdomen,GN,providencia,2020-07-15,test,False,False,False,False,False,True,False,False,False,False,False,True,False,False,False,True,False,False,False,False,False,False,False,True,S,,R,R,R,S,S,S,I,R,S,,R,I,S,S,R,,,S,,R,,S,3240
6105022,2020-07-01,dog,urine,urinary tract,GN,proteus,2020-07-08,test,False,True,True,False,False,True,False,False,False,False,False,False,False,False,False,False,False,False,False,False,False,False,False,True,S,S,S,S,S,S,S,S,S,R,S,,S,I,S,S,R,,,S,,R,,S,3241
6307806,2020-07-13,dog,urine,urinary tract,GN,proteus,2020-07-16,test,False,True,True,False,False,True,False,False,False,False,False,False,False,False,False,False,False,False,False,False,False,False,False,True,S,S,S,S,S,S,S,S,S,R,S,,S,I,S,S,R,,,S,,R,,S,3242
6307337,2020-07-02,dog,ub mucosa,urinary tract,GN,escherichia,2020-07-09,test,False,False,False,False,False,False,False,False,False,False,False,False,False,False,False,False,False,False,False,False,False,False,False,True,I,R,R,R,R,R,R,R,R,R,R,-,I,S,R,S,S,,,R,,R,,S,3243
6107468,2020-07-16,dog,urine,urinary tract,GN,proteus,2020-07-22,test,False,True,False,False,False,True,False,False,False,False,False,False,False,False,False,False,False,False,False,False,False,False,False,False,S,S,R,R,R,S,S,S,I,R,R,,R,I,I,I,R,,,R,,R,,R,3244
6306405,2020-06-30,dog,pyometra,pg abscess,GN,enterobacter,2020-07-09,test,False,False,False,False,False,False,False,False,False,False,True,True,False,False,False,True,False,False,False,False,False,False,False,False,S,R,,R,R,I,R,S,S,S,S,,S,S,S,S,I,,,S,,S,,S,3245
6307569,2020-07-01,cat,opened wound,wound,GN,enterobacter,2020-07-08,test,False,False,False,False,False,False,False,False,False,False,False,True,False,False,False,True,False,False,False,False,False,False,False,True,S,R,,R,R,I,R,S,S,S,S,,S,S,S,S,R,,,S,,S,,S,3246
6308634,2020-07-22,cat,opened wound,wound,GN,vibrio,2020-07-29,test,False,False,False,False,False,False,False,False,False,False,False,True,False,False,False,True,False,False,False,False,False,False,False,True,S,I,R,,,,,,S,,S,,S,S,S,,,,,,,S,,S,3247
6304923,2020-07-24,cat,opened wound,wound,GN,escherichia,2020-07-31,test,False,True,False,False,False,True,False,False,False,False,False,False,False,False,False,False,False,False,False,False,False,False,False,True,S,S,S,R,I,S,S,S,S,S,S,-,S,S,S,S,S,,,S,,S,,S,3248
6309441,2020-08-14,dog,urine,urinary tract,GN,enterobacter,2020-08-18,test,True,False,False,False,False,False,False,False,False,False,False,False,False,False,True,False,False,False,False,False,False,False,False,False,S,R,,R,R,R,R,R,I,R,R,,R,S,R,S,R,,,R,,R,,R,3249
6306700,2020-08-05,dog,urine,urinary tract,GN,proteus,2020-08-11,test,False,False,True,False,False,True,False,False,False,False,False,False,False,False,False,False,False,False,False,False,False,False,False,False,S,I,R,S,S,S,S,S,S,R,R,,S,S,R,S,R,,,R,,R,,R,3250
6308877,2020-07-27,dog,purulent,abscess,GN,acinetobacter,2020-08-03,test,False,False,False,False,False,False,False,False,False,False,False,False,False,True,True,False,False,False,False,False,False,False,False,False,,,,,,,,,,R,R,,S,S,R,,,,,,,R,,R,3251
6306808,2020-08-11,dog,urine,urinary tract,GN,pseudomonas,2020-08-20,test,True,False,False,False,False,False,False,False,False,False,False,False,False,True,True,False,False,False,False,False,False,False,False,False,S,,,,,,,,,,I,,S,S,I,,,,,,,,,,3252
5910864,2020-08-11,dog,urine,urinary tract,GN,escherichia,2020-08-17,test,False,True,True,False,False,True,False,False,False,False,False,False,False,False,False,False,False,False,False,False,False,False,False,False,S,S,R,S,S,S,S,S,R,R,R,-,S,S,R,S,S,,,R,,R,,R,3253
5508106,2020-08-01,dog,urine,urinary tract,GN,proteus,2020-08-06,test,False,False,False,False,False,False,False,False,False,False,True,False,False,False,False,False,False,False,False,False,False,False,False,True,R,I,R,R,R,R,I,R,S,S,R,,R,R,I,S,S,,,R,,S,,S,3254
6305388,2020-08-04,dog,urine,urinary tract,GN,escherichia,2020-08-10,test,False,False,False,False,False,False,False,False,False,False,False,False,False,False,False,False,False,True,False,False,False,False,False,True,S,S,R,R,R,R,R,R,R,R,R,+,R,S,R,S,S,,,R,,R,,S,3255
6309191,2020-08-05,dog,urine,urinary tract,GN,pseudomonas,2020-08-10,test,False,False,False,False,False,False,False,False,False,False,False,True,False,False,False,True,False,False,False,False,False,False,False,False,S,,,,,,,,,,S,,S,S,S,,,,,,,,,,3256
6301317,2020-07-29,dog,opened wound,wound,GN,pseudomonas,2020-08-03,test,True,False,False,False,False,False,False,False,False,False,False,False,False,False,True,True,False,False,False,False,False,False,False,False,S,,,,,,,,,,I,,S,S,S,,,,,,,,,,3257
6215166,2020-08-24,dog,urine,urinary tract,GN,proteus,2020-08-28,test,True,False,False,False,False,False,False,False,False,False,False,False,False,False,False,False,False,False,False,False,False,False,False,True,S,I,R,R,I,I,S,S,R,R,R,,R,I,R,S,R,,,R,,R,,S,3258
5517759,2020-07-31,dog,urine,urinary tract,GN,citrobacter,2020-08-06,test,True,False,False,False,False,False,False,False,False,False,False,False,False,False,False,False,False,False,False,False,False,False,False,False,S,R,,R,R,R,R,R,S,S,R,,I,R,R,S,R,,,R,,S,,R,3259
6310209,2020-08-25,cat,ear exudate,ear,GN,acinetobacter,2020-08-28,test,False,False,False,False,False,False,False,False,False,False,True,True,False,False,False,True,False,False,False,False,False,False,False,True,,,,,,,,,,S,S,,S,S,S,,,,,,,S,,S,3260
5919877,2020-08-21,cat,urine,urinary tract,GN,escherichia,2020-08-26,test,False,False,False,False,False,True,False,False,False,False,False,True,False,False,False,True,False,False,False,False,False,False,False,False,S,R,R,R,R,S,S,S,S,I,S,-,S,S,S,S,S,,,S,,R,,R,3261
เธฃเธเธช.เน€เธเธฃเธดเธเธชเธธเธ (เนเธญเธฅเธดเน€เธงเธญเธฃเน),2020-07-26,cat,urine,urinary tract,GN,proteus,2020-08-11,test,False,True,True,False,False,True,False,False,False,False,False,False,False,False,False,False,False,False,False,False,False,False,False,False,S,S,R,S,S,S,S,S,R,R,R,,R,I,R,I,R,,,R,,R,,R,3262
6308909,2020-07-28,cat,urine,urinary tract,GN,brevundimonas,2020-08-05,test,False,False,False,False,False,False,False,False,False,False,True,False,False,False,False,False,False,False,False,False,False,False,False,False,S,,,,,,,,S,S,,,S,S,R,,,,,,,S,,R,3263
6309934,2020-09-25,dog,urine,urinary tract,GN,enterobacter,2020-09-29,test,False,False,False,False,False,False,False,False,False,False,False,True,False,False,False,True,False,False,False,False,False,False,False,False,S,R,,R,R,S,S,S,S,S,S,,S,S,S,S,I,,,S,,S,,S,3264
6310482,2020-09-08,dog,urine,urinary tract,GN,escherichia,2020-09-14,test,False,False,True,False,False,True,False,False,False,False,False,False,False,False,False,False,False,False,False,False,False,False,False,True,S,R,R,S,S,S,S,S,R,R,R,-,I,S,R,S,S,,,R,,R,,S,3265
เธฃเธเธช.เน€เธเธฃเธดเธเธชเธธเธ (Apple),2020-09-10,dog,urine,urinary tract,GN,proteus,2020-09-15,test,True,False,False,False,False,False,False,False,False,False,False,False,False,False,False,False,False,False,False,False,False,False,False,False,S,I,R,R,R,R,R,R,R,R,R,,R,R,R,I,R,,,R,,R,,R,3266
6310791,2020-09-07,dog,urine,urinary tract,GN,escherichia,2020-09-11,test,False,False,False,False,False,False,False,False,False,False,False,False,False,False,False,False,False,False,False,False,False,False,False,False,S,S,R,R,I,S,S,S,R,R,I,-,S,S,S,S,S,,,I,,R,,R,3267
6212492,2020-09-05,dog,urine,urinary tract,GN,klebsiella,2020-09-11,test,True,False,False,False,False,False,False,False,False,False,False,False,False,False,True,False,False,False,False,False,False,False,False,False,S,R,R,R,R,R,R,R,I,R,R,+,I,S,R,I,R,,,R,,R,,R,3268
6214939,2020-09-09,dog,urine,urinary tract,GN,proteus,2020-09-14,test,False,True,True,False,False,True,False,False,False,False,False,False,False,False,False,False,False,False,False,False,False,False,False,True,S,S,S,S,S,S,S,S,I,R,S,,S,I,S,S,R,,,I,,R,,S,3269
6116499,2020-09-01,dog,urine,urinary tract,GN,escherichia,2020-09-08,test,True,False,False,False,False,False,False,False,False,False,False,False,False,True,True,False,False,True,False,False,False,False,False,True,S,S,R,R,R,R,R,R,S,S,R,+,S,S,R,S,S,,,R,,R,,S,3270
6310323,2020-08-31,dog,urine,urinary tract,GN,pseudomonas,2020-09-03,test,True,False,False,False,False,False,False,False,False,False,False,False,False,True,False,True,False,False,False,False,False,False,False,False,S,,,,,,,,,,I,,S,S,S,,,,,,,,,,3271
5913043,2020-09-02,dog,urine,urinary tract,GN,proteus,2020-09-08,test,True,False,False,False,False,False,False,False,False,False,False,False,False,False,True,False,False,False,False,False,False,False,False,False,S,I,R,R,R,R,R,R,R,R,R,,R,S,R,I,R,,,R,,R,,R,3272
5516881,2020-09-24,dog,hemoculture,hemoculture,GN,pseudomonas,2020-09-29,test,True,False,False,False,False,False,False,False,False,False,False,True,False,False,False,True,False,False,False,False,False,False,False,False,S,,,,,,,,,,S,,S,S,S,,,,,,,,,,3273
6109003,2020-08-27,dog,urine,urinary tract,GN,proteus,2020-09-01,test,False,True,True,False,False,True,False,False,False,False,False,False,False,False,False,False,False,False,False,False,False,False,False,False,S,S,S,S,S,S,S,S,I,R,R,,S,S,R,S,R,,,R,,R,,R,3274
6311557,2020-09-24,dog,aural hematoma,ear,GN,pseudomonas,2020-09-28,test,True,False,False,False,False,False,False,False,False,False,False,False,False,True,False,True,False,False,False,False,False,False,False,False,S,,,,,,,,,,I,,S,S,S,,,,,,,,,,3275
5519961,2020-09-23,dog,urine,urinary tract,GN,klebsiella,2020-09-28,test,False,True,True,False,False,True,False,False,False,False,False,False,False,False,False,False,False,False,False,False,False,False,False,True,S,S,R,S,S,S,S,S,S,S,S,-,S,S,S,S,I,,,S,,S,,S,3276
6311571,2020-09-24,cat,urine,urinary tract,GN,pseudomonas,2020-09-29,test,True,False,False,False,False,False,False,False,False,False,False,False,False,False,True,False,False,False,False,False,False,False,False,False,S,,,,,,,,R,R,R,,I,S,R,,,,,,,R,,R,3277
5805641,2020-09-24,cat,urine,urinary tract,GN,pseudomonas,2020-09-29,test,True,False,False,False,False,False,False,False,False,False,False,False,False,True,False,True,False,False,False,False,False,False,False,False,S,,,,,,,,,,S,,S,S,S,,,,,,,,,,3278
Exvetlab (A55),2020-08-03,cat,urine,urinary tract,GN,escherichia,2020-09-03,test,True,False,False,False,False,False,False,False,False,False,False,False,False,False,False,False,False,False,False,False,False,False,False,False,S,R,R,R,R,R,R,R,S,R,R,-,R,R,R,S,I,,,R,,R,,R,3279
6310249,2020-08-26,cat,urine,urinary tract,GN,escherichia,2020-09-01,test,False,False,False,False,False,True,False,False,False,False,False,False,False,False,False,True,False,False,False,False,True,False,False,False,S,R,R,R,R,S,S,S,S,I,I,-,R,S,S,S,S,,,S,,R,,R,3280
6311683,2020-10-05,dog,urine,urinary tract,GN,pseudomonas,2020-10-09,test,True,False,False,False,False,False,False,False,False,False,False,False,False,False,True,False,False,False,False,False,False,False,False,False,S,,,,,,,,,,R,,R,S,I,,,,,,,,,,3281
6006125,2020-09-26,dog,opened wound,wound,GN,pseudomonas,2020-10-01,test,True,False,False,False,False,False,False,False,False,False,False,False,False,False,False,True,False,False,False,False,False,False,False,False,S,,,,,,,,,,I,,S,S,S,,,,,,,,,,3282
6310122,2020-09-30,dog,pg cyst,pg abscess,GN,pseudomonas,2020-10-06,test,False,False,False,False,False,False,False,False,False,False,False,False,False,False,True,False,False,False,False,False,False,False,False,False,S,,,,,,,,,,R,,R,S,R,,,,,,,,,,3283
5715713,2020-10-05,dog,urine,urinary tract,GN,escherichia,2020-10-12,test,False,False,True,False,True,True,False,False,False,False,False,False,False,False,False,False,False,False,False,False,False,False,False,False,R,R,R,S,R,S,S,S,S,R,R,-,R,S,R,R,S,,,R,,R,,R,3284
6311520,2020-10-09,dog,urine,urinary tract,GN,pseudomonas,2020-10-16,test,True,False,False,False,False,False,False,False,False,False,False,False,False,False,False,True,False,False,False,False,False,False,False,False,S,,,,,,,,,,I,,S,S,S,,,,,,,,,,3285
Exvetlab (A75),2020-10-26,dog,urine,urinary tract,GN,proteus,2020-10-28,test,False,False,False,False,False,False,False,False,False,False,False,False,False,False,False,True,False,False,False,False,False,False,False,True,I,I,R,,R,,S,,I,R,,,R,R,S,S,R,,,R,,R,,S,3286
6311810,2020-10-21,dog,mass,mass,GN,proteus,2020-10-28,test,True,False,False,False,True,True,False,False,False,False,False,False,False,False,False,False,False,False,False,False,False,False,False,False,S,I,R,R,I,S,S,S,R,R,R,,R,R,R,S,R,,,R,,R,,R,3287
6311142,2020-10-20,dog,ub mucosa,urinary tract,GN,pseudomonas,2020-10-26,test,True,False,False,False,False,False,False,False,False,False,False,False,False,True,False,True,False,False,False,False,False,False,False,False,S,,,,,,,,,,I,,S,S,S,,,,,,,,,,3288
5904275,2020-10-27,dog,urine,urinary tract,GN,proteus,2020-10-30,test,False,True,True,False,False,True,False,False,False,False,False,False,False,False,False,False,False,False,False,False,False,False,False,True,S,S,S,S,S,S,S,S,R,R,R,,S,I,I,S,R,,,R,,R,,S,3289
6303709,2020-10-26,cat,urine,urinary tract,GN,proteus,2020-10-28,test,False,True,False,False,False,True,False,False,False,False,False,False,False,False,False,False,False,False,False,False,False,False,False,True,S,S,R,I,S,S,S,S,I,R,S,,S,I,S,S,R,,,S,,R,,S,3290
6311987,2020-10-05,cat,urine,urinary tract,GN,enterobacter,2020-10-09,test,False,False,False,False,False,False,False,False,False,False,False,False,False,False,True,True,False,False,False,False,False,False,False,False,I,R,,R,R,R,R,R,I,R,I,,R,S,S,S,I,,,R,,R,,R,3291
6312243,2020-10-09,cat,abscess,abscess,GN,pasteurella,2020-10-16,test,False,True,True,False,False,False,False,False,False,False,False,False,False,False,False,False,False,False,False,False,False,False,False,True,,S,S,S,,,S,S,S,,S,,S,S,S,,,,,S,,S,,S,3292
6311968,2020-10-12,cat,urine,urinary tract,GN,salmonella,2020-10-19,test,False,False,False,False,False,True,False,False,False,False,False,False,False,False,False,True,False,False,False,False,False,False,False,True,R,R,R,R,R,S,S,S,S,R,I,,R,S,S,S,S,,,R,,R,,S,3293
6107485,2020-10-05,cat,urine,urinary tract,GN,proteus,2020-10-09,test,True,False,False,False,True,True,False,False,False,False,False,False,False,True,False,False,False,False,False,False,False,False,False,False,S,I,R,I,S,S,S,S,S,R,R,,S,I,R,I,R,,,R,,R,,R,3294
6312350,2020-10-12,cat,urine,urinary tract,GN,escherichia,2020-10-16,test,False,False,False,False,False,True,False,False,False,False,False,True,False,False,False,True,False,False,False,False,False,False,False,False,S,R,R,R,I,S,S,S,S,R,S,-,S,S,S,S,S,,,S,,R,,R,3295
Exvetlab (A76),2020-10-01,cat,urine,urinary tract,GN,klebsiella,2020-10-28,test,False,False,False,False,False,False,False,False,False,False,False,False,False,False,True,False,False,False,False,False,False,False,False,True,R,R,R,R,R,R,R,I,I,S,R,-,R,S,R,R,R,,,R,,S,,S,3296
6109258,2020-10-29,dog,ub mucosa,urinary tract,GN,acinetobacter,2020-11-03,test,False,False,False,False,False,False,False,False,False,False,False,False,False,True,False,False,False,False,False,False,False,False,False,False,,,,,,,,,,R,R,,S,R,R,,,,,,,R,,R,3297
6313520,2020-11-09,dog,pg abscess,pg abscess,GN,acinetobacter,2020-11-13,test,False,False,False,False,False,False,False,False,False,False,False,False,False,False,True,False,False,False,False,False,False,False,False,False,S,,,,,,,,,R,R,,S,S,R,,,,,,,R,,R,3298
6018412,2020-11-02,dog,urine,urinary tract,GN,klebsiella,2020-11-04,test,True,False,False,False,False,False,False,False,False,False,False,False,False,False,True,False,False,False,False,False,False,False,False,True,S,R,R,R,R,R,R,R,R,R,R,-,I,S,R,S,R,,,R,,R,,S,3299
5517759,2020-11-13,dog,urine,urinary tract,GN,pseudomonas,2020-11-17,test,False,False,False,False,False,False,False,False,False,False,False,False,False,False,False,False,False,False,False,False,False,False,False,False,R,,,,,,,,,,R,,R,R,R,,,,,,,,,,3300
6310332,2020-10-28,dog,urine,urinary tract,GN,proteus,2020-11-02,test,True,False,True,False,False,True,False,False,False,False,False,False,False,False,False,False,False,False,False,False,False,False,False,False,S,I,R,S,S,S,S,S,S,R,R,,S,I,I,S,R,,,R,,R,,R,3301
6301453,2020-11-17,dog,skin,skin,GN,proteus,2020-11-24,test,False,False,False,False,True,True,False,False,False,False,False,False,False,False,False,False,False,False,False,False,False,False,False,True,S,I,R,R,S,S,S,S,R,R,R,,R,S,R,,R,,,S,,R,,S,3302
6117385,2020-11-23,cat,opened wound,wound,GN,pasteurella,2020-11-30,test,False,True,True,False,False,False,False,False,False,False,False,False,False,False,False,False,False,False,False,False,False,False,False,True,,S,S,S,,,S,S,S,,S,,I,S,S,S,,,,S,,S,,S,3303
6313431,2020-11-10,cat,ub mucosa,urinary tract,GN,enterobacter,2020-11-17,test,True,False,False,False,False,False,False,False,False,False,False,False,False,False,True,False,False,False,False,False,False,False,False,False,S,R,,R,R,R,R,R,R,R,R,,R,S,R,S,I,,,R,,R,,R,3304
6313707,2020-11-13,cat,urine,urinary tract,GN,proteus,2020-11-17,test,True,False,False,False,False,False,False,False,False,False,False,False,False,False,False,False,False,False,False,False,False,False,False,False,S,R,R,R,R,R,R,R,S,R,R,,R,R,R,I,R,,,R,,R,,R,3305
6314005,2020-11-30,dog,urine,urinary tract,GN,escherichia,2020-12-03,test,False,False,True,False,True,True,False,False,False,False,False,False,False,False,False,False,False,False,False,False,False,False,False,False,S,S,R,S,S,S,S,S,R,R,R,-,R,S,R,I,I,,,R,,R,,R,3306
6315175,2020-12-24,dog,urine,urinary tract,GN,pseudomonas,2020-12-29,test,True,False,False,False,False,False,False,False,False,False,False,False,False,True,False,True,False,False,False,False,False,False,False,False,S,,,,,,,,,,I,,S,S,S,,,,,,,,,,3307
6313824,2020-12-19,dog,ub mucosa,urinary tract,GN,escherichia,2020-12-24,test,False,False,False,False,False,False,False,False,False,False,False,False,False,False,False,False,False,False,False,False,False,False,False,True,S,R,R,R,R,S,S,S,R,R,R,-,R,S,R,S,S,,,R,,R,,S,3308
5906440,2020-12-03,dog,urine,urinary tract,GN,klebsiella,2020-12-08,test,True,False,False,False,False,False,False,False,False,False,False,False,False,True,True,False,False,False,False,False,False,False,False,False,S,R,R,R,R,R,I,I,R,R,R,-,S,S,R,S,I,,,R,,R,,R,3309
6002040,2020-12-24,dog,urine,urinary tract,GN,escherichia,2020-12-29,test,True,False,False,False,False,False,False,False,False,False,False,False,False,False,True,False,False,False,False,False,False,False,False,True,S,R,R,R,R,R,R,R,R,R,R,+,I,S,R,S,I,,,R,,R,,S,3310
6313703,2020-12-23,dog,urine,urinary tract,GN,proteus,2020-12-29,test,False,True,True,False,False,True,False,False,False,False,False,False,False,False,False,False,False,False,False,False,False,False,False,True,S,S,S,S,S,S,S,S,I,R,S,,S,S,S,S,R,,,S,,R,,S,3311
6313973,2020-11-27,dog,urine,urinary tract,GN,escherichia,2020-12-01,test,False,False,True,False,False,True,False,False,False,False,False,False,False,False,False,False,False,False,False,False,False,False,False,True,S,S,R,S,S,S,S,S,I,S,S,-,S,S,S,S,S,,,S,,S,,S,3312
6006320,2020-12-21,dog,urine,urinary tract,GN,proteus,2020-12-25,test,True,False,False,False,False,False,False,False,False,False,False,False,False,True,False,True,False,False,False,False,False,False,False,False,S,R,R,R,R,R,R,I,R,R,I,,S,R,S,S,R,,,I,,R,,R,3313
6315398,2020-12-23,dog,urine,urinary tract,GN,enterobacter,2020-12-28,test,True,False,False,False,False,False,False,False,False,False,False,False,False,False,False,True,False,False,False,False,False,False,False,True,S,R,,R,R,R,R,R,I,S,I,,S,S,S,S,I,,,I,,S,,S,3314
6109875,2020-12-04,cat,bite wound,wound,GN,pseudomonas,2020-12-09,test,False,False,False,False,False,False,False,False,False,False,False,False,False,False,True,False,False,False,False,False,False,False,False,False,I,,,,,,,,,,R,,R,S,R,,,,,,,,,,3315
6315349,2020-12-22,cat,wound,wound,GN,klebsiella,2020-12-28,test,False,False,False,False,False,False,False,False,False,False,False,True,False,False,False,True,False,False,False,False,False,False,False,True,S,S,R,S,S,S,S,S,S,S,S,-,S,S,S,S,I,,,S,,S,,S,3316
6315467,2020-12-23,cat,urine,urinary tract,GN,escherichia,2020-12-29,test,False,True,True,False,False,True,False,False,False,False,False,False,False,False,False,False,False,False,False,False,False,False,False,True,S,S,S,S,S,S,S,S,S,S,S,-,S,S,S,S,S,,,S,,S,,S,3317
6314823,2020-12-08,cat,opened wound,wound,GN,achromobacter,2020-12-15,test,False,False,False,False,False,False,False,False,False,False,False,False,False,False,False,False,False,False,False,False,False,False,False,True,R,,,,,,,,I,I,I,,R,S,I,,,,,,,R,,S,3318
6314184,2020-11-30,cat,tissue from oral wound with irregular tissue,oral,GN,pasteurella,2020-12-03,test,False,True,True,False,False,False,False,False,False,False,False,False,False,False,False,False,False,False,False,False,False,False,False,True,,S,S,S,,,S,S,S,,S,,S,S,S,S,,,,S,,R,,S,3319
VCC (เธ•เธฒเธฅเนเธ•เนเธก),2020-11-30,cat,chronic wound,wound,GN,pseudomonas,2020-12-08,test,False,False,False,False,False,False,False,False,False,False,False,False,False,False,True,False,False,False,False,False,False,False,False,False,R,,,,,,,,,,R,,R,S,R,,,,,,,,,,3320
6205857,2019-07-11,dog,urine,urinary tract,GN,escherichia,2019-07-18,test,False,False,False,False,False,False,False,False,False,False,False,False,False,False,True,False,False,False,False,False,False,False,False,False,R,R,R,R,,R,R,R,R,,R,+,R,S,R,,S,R,,,,R,R,R,3321
6207292,2019-07-08,dog,urine,urinary tract,GN,escherichia,2019-07-11,test,False,False,False,False,False,False,False,False,False,False,False,False,False,False,False,False,False,True,False,False,False,False,False,False,I,R,R,R,,R,R,R,R,,R,+,R,S,R,,S,R,,,,R,R,R,3322
เธฃเธเธช.เน€เธเธฃเธดเธเธชเธธเธ (เน€เธเธ—เธฒเธข),2019-07-15,dog,urine,urinary tract,GN,klebsiella,2019-07-23,test,False,False,False,False,False,False,False,False,False,False,False,False,False,False,False,False,False,False,False,False,False,False,False,False,R,R,R,R,,R,R,R,R,,R,+,R,R,R,,R,R,,,,R,R,R,3323
6206031,2019-07-19,dog,commercial chest tube,xxrare,GN,klebsiella,2019-07-24,test,False,False,False,False,False,False,False,False,False,False,False,False,False,False,True,False,False,False,False,False,False,False,False,True,I,R,R,R,,R,R,R,I,,R,-,R,S,R,,S,R,,,,S,R,S,3324
6014164,2019-07-01,dog,urine,urinary tract,GN,escherichia,2019-07-04,test,False,False,False,False,False,False,False,False,False,False,False,False,False,False,False,False,False,True,False,False,False,False,False,False,I,R,R,R,,R,R,R,R,,R,+,R,S,R,,S,R,,,,R,R,R,3325
5710183,2019-07-03,dog,urine,urinary tract,GN,stenotrophomonas,2019-07-09,test,False,False,False,False,False,False,False,False,False,False,False,False,False,False,False,False,False,False,False,False,False,False,False,True,,,,,,,,,,,,,,,,,,,,,,,,S,3326
6207061,2019-07-25,dog,urine,urinary tract,GN,pseudomonas,2019-07-31,test,True,False,False,False,False,False,False,False,False,False,False,False,False,True,False,True,False,False,False,False,False,False,False,False,S,,,,,,,,,,I,,S,S,S,,,S,,,,,S,,3327
เธฃเธเธช.เธชเธธเธงเธฃเธฃเธ“เธเธฒเธ” เธชเธฐเธเธฒเธเธชเธนเธ (เธเธดเธกเธเธด),2019-07-05,dog,urine,urinary tract,GN,escherichia,2019-07-10,test,False,True,False,False,False,False,False,False,False,False,False,False,False,False,False,False,False,False,False,False,False,False,False,True,S,S,R,R,,R,R,R,I,,R,+,S,S,R,,S,R,,,,S,S,S,3328
6207800,2019-07-10,dog,perianal,urogenital system,GN,escherichia,2019-07-15,test,False,True,False,False,False,True,False,False,False,False,False,False,False,False,False,False,False,False,False,False,False,False,False,True,S,S,S,R,,S,S,S,S,,S,-,S,S,S,,S,S,,,,S,S,S,3329
6201176,2019-07-14,dog,ear purulent,ear,GN,pseudomonas,2019-07-23,test,False,False,False,False,False,False,False,False,False,False,False,False,False,False,True,False,False,False,False,False,False,False,False,False,R,,,,,,,,,,R,,R,S,R,,,S,,,,,R,,3330
5802365,2019-07-22,dog,urine,urinary tract,GN,escherichia,2019-07-26,test,True,False,False,False,False,False,False,False,False,False,False,False,False,True,False,False,False,False,False,False,False,False,False,True,S,R,R,R,,R,R,R,I,,R,+,S,S,R,,R,R,,,,I,S,S,3331
6009575,2019-07-18,dog,urine,urinary tract,GN,escherichia,2019-07-23,test,False,False,False,False,False,False,False,False,False,False,False,False,False,False,False,False,False,True,False,False,False,False,False,True,S,R,R,R,,R,R,R,R,,R,-,R,S,R,,S,R,,,,R,I,S,3332
6208500,2019-07-02,cat,pleural effusion,pleural effusion,GN,pseudomonas,2019-07-12,test,False,False,False,False,False,False,False,False,False,False,False,False,False,False,False,False,False,False,False,False,False,False,False,False,,,,,,,,,,,,,,,,,,,,,,,,,3333
6208448,2019-07-02,cat,ub mucosa,urinary tract,GN,enterobacter,2019-07-09,test,True,False,False,False,False,False,False,False,False,False,False,True,False,False,False,True,False,False,False,False,False,False,False,False,S,R,,R,,S,S,S,I,,S,,S,S,S,,I,S,,,,S,S,S,3334
6209540,2019-07-23,cat,urine,urinary tract,GN,pasteurella,2019-07-30,test,False,True,True,False,False,False,False,False,False,False,False,False,False,False,False,False,False,False,False,False,False,False,False,True,,S,S,S,,,S,S,S,,S,,S,S,S,,,,,,,S,,S,3335
6208736,2019-07-07,cat,urine,urinary tract,GN,escherichia,2019-07-11,test,False,False,False,False,False,False,False,False,False,False,False,False,False,False,False,False,False,True,False,False,False,False,False,False,S,R,R,R,,R,R,R,R,,R,+,R,S,R,,S,R,,,,R,I,R,3336
6209234,2019-07-18,cat,open fracture,orthopedic,GN,pseudomonas,2019-07-25,test,False,False,False,False,False,False,False,False,False,False,False,False,False,False,False,True,False,False,False,False,False,False,False,False,S,,,,,,,,,,I,,S,I,S,,,I,,,,,S,,3337
6209696,2019-08-10,dog,urine,urinary tract,GN,pseudomonas,2019-08-16,test,True,False,False,False,False,False,False,False,False,False,False,False,False,False,False,True,False,False,False,False,False,False,False,False,S,,,,,,,,,,I,,S,S,S,,,I,,,,,S,,3338
6118027,2019-08-16,dog,urine,urinary tract,GN,escherichia,2019-08-21,test,False,False,False,False,False,False,False,False,False,False,False,False,False,False,False,False,False,True,False,False,False,False,False,False,S,R,R,R,,R,R,R,S,,R,+,S,I,R,,S,R,,,,S,S,R,3339
6205685,2019-08-26,dog,urine,urinary tract,GN,klebsiella,2019-08-29,test,True,False,False,False,False,False,False,False,False,False,False,False,False,False,True,False,False,False,False,False,False,False,False,False,S,S,R,R,,R,R,I,R,,R,+,R,S,R,,R,R,,,,R,R,R,3340
6210711,2019-08-16,dog,renal pelvis fluid,renal,GN,escherichia,2019-08-23,test,False,False,False,False,False,False,False,False,False,False,False,True,False,False,False,True,False,False,False,False,False,False,False,False,S,R,R,R,,S,S,S,I,,S,-,S,S,S,,S,S,,,,R,S,S,3341
6209595,2019-08-09,dog,urine,urinary tract,GN,escherichia,2019-08-16,test,False,False,False,False,False,False,False,False,False,False,False,False,False,False,True,False,False,True,False,False,False,False,False,False,I,R,R,R,,R,R,R,R,,R,+,R,S,R,,S,R,,,,R,R,R,3342
Vet Clinical Center (เธเนเธฒเธงเธเธฑเนเธ),2019-08-13,dog,urine,urinary tract,GN,proteus,2019-08-16,test,True,False,False,False,False,False,False,False,False,False,False,False,False,False,False,False,False,False,False,False,False,False,False,False,S,R,R,R,,R,R,R,S,,R,,R,,R,,R,R,,,,R,I,R,3343
เธฃเธเธช.เน€เธเธฃเธดเธเธชเธธเธ (Bingo),2019-08-05,dog,urine,urinary tract,GN,pseudomonas,2019-08-08,test,True,False,False,False,False,False,False,False,False,False,False,False,False,True,True,False,False,False,False,False,False,False,False,False,S,,,,,,,,,,I,,S,S,I,,,S,,,,,S,,3344
เธฃเธเธช.เน€เธเธฃเธดเธเธชเธธเธ (เธเธฑเธเธเธตเน),2019-08-19,dog,ear canal,ear,GN,proteus,2019-08-22,test,False,True,False,False,False,True,False,False,False,False,False,False,False,False,False,False,False,False,False,False,False,False,False,True,S,S,S,I,,S,S,S,S,,S,,S,,S,,R,S,,,,R,S,S,3345
6209675,2019-08-20,dog,urine,urinary tract,GN,pseudomonas,2019-08-23,test,False,False,False,False,False,False,False,False,False,False,False,False,False,False,False,False,False,False,False,False,False,False,False,False,R,,,,,,,,,,R,,R,I,R,,,R,,,,,R,,3346
6210272,2019-08-06,dog,urine,urinary tract,GN,escherichia,2019-08-13,test,False,True,True,False,False,True,False,False,False,False,False,False,False,False,False,False,False,False,False,False,False,False,False,True,S,S,S,S,,S,S,S,S,,S,-,S,S,S,,S,S,,,,S,S,S,3347
6208710,2019-07-29,dog,urine,urinary tract,GN,klebsiella,2019-08-02,test,True,False,False,False,False,False,False,False,False,False,False,False,False,True,False,True,False,False,False,False,False,False,False,False,S,R,R,R,,R,R,I,S,,I,-,S,S,S,,R,R,,,,R,S,R,3348
6210517,2019-08-11,dog,ear swab,ear,GN,acinetobacter,2019-08-16,test,False,False,False,False,False,False,False,False,False,False,False,True,False,False,False,True,False,False,False,False,False,False,False,True,S,,,,,,,,,,S,,S,S,S,,,S,,,,S,S,S,3349
5505272,2019-08-05,dog,pus,skin,GN,pseudomonas,2019-08-07,test,False,False,False,False,False,False,False,False,False,False,False,False,False,False,False,True,False,False,False,False,False,False,False,False,S,,,,,,,,,,I,,S,S,S,,,S,,,,,S,,3350
เธ.เธกเธเธเธฅเธเธฑเธขเธเธฑเธ’เธเธฒ เธเธณเธเธฑเธ” (เธเธฑเธเธเธธเธ),2019-08-09,dog,urine,urinary tract,GN,escherichia,2019-08-16,test,False,False,False,False,False,False,False,False,False,False,False,False,False,False,False,False,False,False,False,False,False,False,False,True,R,R,R,R,,R,R,R,S,,R,+,R,I,R,,I,R,,,,S,R,S,3351
6210239,2019-08-16,dog,urine,urinary tract,GN,escherichia,2019-08-22,test,False,True,True,False,False,True,False,False,False,False,False,False,False,False,False,False,False,False,False,False,False,False,False,True,S,S,R,S,,S,S,S,S,,R,-,S,S,R,,S,R,,,,R,S,S,3352
6207266,2019-08-25,dog,purulent,abscess,GN,klebsiella,2019-08-29,test,False,False,False,False,False,False,False,False,False,False,False,False,False,False,True,False,False,False,False,False,False,False,False,False,R,R,R,R,,R,R,R,S,,R,+,R,S,R,,R,R,,,,R,R,R,3353
6208803,2019-08-15,cat,bullae,extremely rare,GN,pseudomonas,2019-08-21,test,False,False,False,False,False,False,False,False,False,False,False,False,False,False,False,True,False,False,False,False,False,False,False,False,S,,,,,,,,,,S,,S,S,S,,,S,,,,,S,,3354
6210251,2019-08-05,cat,urine,urinary tract,GN,sphingomonas,2019-08-22,test,False,False,False,False,False,False,False,False,False,False,False,False,False,False,False,False,False,False,False,False,False,False,False,False,,,,,,,,,,,,,,,,,,,,,,,,,3355
6208461,2019-08-09,cat,opened wound,wound,GN,providencia,2019-08-16,test,False,False,False,False,False,True,False,False,False,False,False,False,False,False,False,False,False,False,False,False,False,False,False,True,S,,R,R,,S,S,S,R,,I,,S,,S,,R,S,,,,R,S,S,3356
6018445,2019-08-08,cat,urine,urinary tract,GN,klebsiella,2019-08-16,test,False,True,True,False,False,True,False,False,False,False,False,False,False,False,False,False,False,False,False,False,False,False,False,False,S,S,R,S,,S,S,S,S,,I,-,S,S,S,,I,R,,,,R,S,R,3357
6209808,2019-07-28,cat,x swab from wound,wound,GN,pseudomonas,2019-08-02,test,False,False,False,False,False,False,False,False,False,False,False,False,False,False,False,False,False,False,False,False,False,False,False,False,R,,,,,,,,,,R,,R,I,R,,,R,,,,,R,,3358
6209532,2019-08-15,cat,urine,urinary tract,GN,pseudomonas,2019-08-21,test,False,False,False,False,False,False,False,False,False,False,False,False,False,False,False,True,False,False,False,False,False,False,False,False,S,,,,,,,,,,I,,S,I,S,,,S,,,,,S,,3359
6211245,2019-08-27,dog,opened wound,wound,GN,escherichia,2019-09-03,test,False,False,False,False,False,True,False,False,False,False,False,True,False,False,False,True,False,False,False,False,False,False,False,True,S,R,R,R,,S,S,S,S,,S,-,S,S,S,,S,S,,,,S,S,S,3360
6211230,2019-09-24,dog,x swab from the Lt Middle ear canal,ear,GN,proteus,2019-09-30,test,False,False,False,False,True,True,False,False,False,False,False,False,False,False,False,False,False,False,False,False,False,False,False,False,S,R,R,I,,S,S,S,S,,R,,R,,R,,R,S,,,,R,S,R,3361
6211493,2019-09-01,dog,hl wound,wound,GN,proteus,2019-09-05,test,False,False,False,False,False,False,False,False,False,False,False,True,False,False,False,True,False,False,False,False,False,False,False,True,S,I,R,I,,S,S,S,I,,S,,R,,S,,R,R,,,,R,I,S,3362
6208970,2019-09-06,dog,urine,urinary tract,GN,pseudomonas,2019-09-12,test,True,False,False,False,False,False,False,False,False,False,False,False,False,False,False,True,False,False,False,False,False,False,False,False,S,,,,,,,,,,I,,S,S,S,,,S,,,,,S,,3363
5909461,2019-09-13,dog,urine,urinary tract,GN,escherichia,2019-09-18,test,True,False,False,False,False,False,False,False,False,False,False,False,False,False,False,False,False,False,False,False,False,False,False,False,S,R,R,R,,R,R,R,I,,R,-,R,R,R,,I,R,,,,R,R,R,3364
5603431,2019-09-12,dog,urine,urinary tract,GN,pseudomonas,2019-09-17,test,True,False,False,False,False,False,False,False,False,False,False,False,False,True,False,True,False,False,False,False,False,False,False,False,S,,,,,,,,,,I,,S,S,S,,,I,,,,,S,,3365
6211164,2019-08-27,dog,peritoneal effusion,abdomen,GN,pantoea,2019-09-02,test,False,True,False,False,False,False,False,True,False,False,False,False,False,False,False,False,False,False,False,False,False,False,False,False,R,S,,I,,S,S,S,S,,I,,R,S,I,,S,S,,,,R,I,S,3366
6211792,2019-09-09,dog,wound,wound,GN,proteus,2019-09-13,test,False,True,False,False,False,True,False,False,False,False,False,False,False,False,False,False,False,False,False,False,False,False,False,False,S,S,S,I,,S,S,S,S,,S,,S,,S,,R,S,,,,R,S,R,3367
6107468,2019-09-09,dog,ear swab,ear,GN,pseudomonas,2019-09-18,test,True,False,False,False,False,False,False,False,False,False,False,False,False,True,True,False,False,False,False,False,False,False,False,False,S,,,,,,,,,,R,,S,S,R,,,S,,,,,S,,3368
6212139,2019-09-23,dog,abdominal fluid,abdomen,GN,escherichia,2019-09-26,test,False,False,False,False,False,True,False,False,False,False,False,True,False,False,False,True,False,False,False,False,False,False,False,False,S,R,R,R,,S,S,S,S,,S,-,S,S,S,,S,R,,,,R,S,R,3369
5713549,2019-08-30,dog,urine,urinary tract,GN,escherichia,2019-09-04,test,True,False,False,False,False,False,False,False,False,False,False,False,False,False,False,False,False,True,False,False,False,False,False,False,S,R,R,R,,R,R,R,I,,R,-,R,R,R,,S,R,,,,R,R,R,3370
5901763,2019-09-21,dog,urine,urinary tract,GN,escherichia,2019-09-26,test,False,True,True,False,False,True,False,False,False,False,False,False,False,False,False,False,False,False,False,False,False,False,False,False,S,S,R,S,,S,S,S,S,,R,-,R,S,R,,S,R,,,,R,I,R,3371
6103806,2019-08-31,cat,urine,urinary tract,GN,pseudomonas,2019-09-05,test,True,False,False,False,False,False,False,False,False,False,False,False,False,False,True,False,False,False,False,False,False,False,False,False,S,,,,,,,,,,R,,R,S,R,,,I,,,,,R,,3372
6212366,2019-09-21,cat,opened wound,wound,GN,proteus,2019-09-26,test,False,True,False,False,False,True,False,False,False,False,False,False,False,False,False,False,False,False,False,False,False,False,False,True,S,S,S,I,,S,S,S,I,,S,,S,,S,,R,S,,,,R,S,S,3373
6211545,2019-09-03,cat,abdominal cavity,abdomen,GN,sphingomonas,2019-09-10,test,True,False,False,False,False,False,False,False,False,False,False,False,False,False,False,False,False,False,False,False,False,False,False,True,S,,,,,,,,I,,I,,I,R,I,,,S,,,,R,S,S,3374
6211612,2019-09-06,cat,urine,urinary tract,GN,aeromonas,2019-09-13,test,False,True,False,False,False,False,False,False,False,False,False,False,False,False,False,False,False,False,False,False,False,False,False,True,S,S,,,,,,,S,,S,,S,S,S,,,,,,,S,,S,3375
6209532,2019-09-12,cat,urine,urinary tract,GN,escherichia,2019-09-18,test,False,False,False,False,False,False,False,False,False,False,False,False,False,False,False,False,False,True,False,False,False,False,False,False,I,R,R,R,,R,R,R,I,,R,-,R,R,R,,S,R,,,,R,R,R,3376
6213661,2019-10-16,dog,urine,urinary tract,GN,enterobacter,2019-10-22,test,False,False,False,False,False,False,False,False,False,False,False,True,False,False,False,True,False,False,False,False,False,False,False,True,S,R,,R,,R,S,S,I,,S,,S,S,S,,S,S,,,,S,S,S,3377
6211980,2019-10-04,dog,surgical site,surgical site,GN,pseudomonas,2019-10-11,test,False,False,False,False,False,False,False,False,False,False,False,False,False,False,True,False,False,False,False,False,False,False,False,False,R,,,,,,,,,,R,,R,S,R,,,R,,,,,R,,3378
6213445,2019-10-21,dog,ub mucosa,urinary tract,GN,burkholderia,2019-10-28,test,False,False,False,False,False,False,False,False,False,False,False,False,False,False,False,False,False,False,False,False,False,False,False,True,R,,,,,,,,R,I,R,,R,R,I,,,,,,,R,,S,3379
6203680,2019-09-26,dog,urine,urinary tract,GN,acinetobacter,2019-10-02,test,False,False,False,False,False,False,False,False,False,False,False,True,False,False,False,True,False,False,False,False,False,False,False,True,,,,,,,,,,,S,,S,S,S,,,S,,,,R,S,S,3380
5905791,2019-09-29,dog,urine,urinary tract,GN,escherichia,2019-10-03,test,False,True,True,False,False,True,False,False,False,False,False,False,False,False,False,False,False,False,False,False,False,False,False,False,S,S,R,S,,S,S,S,S,,R,-,R,S,R,,S,R,,,,S,I,R,3381
5609694,2019-10-17,dog,urine,urinary tract,GN,escherichia,2019-10-22,test,False,False,True,False,False,True,False,False,False,False,False,False,False,False,False,False,False,False,False,False,False,False,False,True,S,R,R,S,R,S,S,S,S,R,R,-,S,S,R,S,S,,,R,,R,,S,3382
6211970,2019-09-26,dog,perianal,urogenital system,GN,klebsiella,2019-10-07,test,False,False,False,False,False,False,False,False,False,False,False,False,False,False,True,False,False,False,False,False,False,False,False,False,R,R,R,R,,R,I,R,R,,R,-,R,S,R,,R,R,,,,R,R,R,3383
6213632,2019-10-21,dog,urine,urinary tract,GN,acinetobacter,2019-10-25,test,False,False,False,False,False,False,False,False,False,False,False,False,False,False,False,False,False,False,False,False,False,False,False,False,,,,,,,,,,R,R,,R,R,R,,,,,,,R,,R,3384
6213661,2019-10-16,dog,pg abscess,pg abscess,GN,enterobacter,2019-10-24,test,False,False,False,False,False,False,False,False,False,False,False,True,False,False,False,True,False,False,False,False,False,False,False,True,S,R,,R,R,S,S,S,I,S,S,,S,S,S,S,S,,,S,,S,,S,3385
6210597,2019-10-03,dog,urine,urinary tract,GN,proteus,2019-10-15,test,False,False,True,False,False,True,False,False,False,False,False,False,False,False,False,False,False,False,False,False,False,False,False,True,S,R,R,S,S,S,S,S,S,R,R,,S,S,R,S,R,,,S,,R,,S,3386
5701731,2019-10-01,dog,urine,urinary tract,GN,escherichia,2019-10-07,test,False,False,True,False,False,True,False,False,False,False,False,False,False,False,False,False,False,False,False,False,False,False,False,False,S,R,R,S,,S,S,S,R,,I,-,R,S,S,,I,R,,,,R,S,R,3387
5919855,2019-10-07,cat,opened wound,wound,GN,proteus,2019-10-16,test,False,True,False,False,False,True,False,False,False,False,False,False,False,False,False,False,False,False,False,False,False,False,False,True,S,S,S,R,,S,S,S,S,,S,,S,,S,,R,S,,,,R,S,S,3388
6213705,2019-10-17,cat,urine,urinary tract,GN,pseudomonas,2019-10-22,test,True,False,False,False,False,False,False,False,False,False,False,False,False,True,False,True,False,False,False,False,False,False,False,False,S,,,,,,,,,,I,,S,S,S,,,,,,,,,,3389
6212810,2019-09-28,cat,opened wound,wound,GN,pasteurella,2019-10-03,test,False,True,True,False,False,True,False,False,False,False,False,False,False,False,False,False,False,False,False,False,False,False,False,True,,S,S,S,,,S,S,S,,S,,S,S,S,,,,,,,S,,S,3390
6213169,2019-10-06,cat,pleural effusion,pleural effusion,GN,pasteurella,2019-10-15,test,False,True,False,False,False,False,False,False,False,False,False,True,False,False,False,True,False,False,False,False,True,False,False,False,,S,S,S,,,S,S,S,,S,,I,S,S,,,,,S,,S,,S,3391
6106880,2019-10-15,cat,nasal discharge,nasal cavity,GN,proteus,2019-10-22,test,True,False,False,False,True,True,False,False,False,False,False,False,False,False,False,False,False,False,False,False,False,False,False,False,S,I,R,I,,S,S,S,R,,R,,R,,I,,R,I,,,,R,I,R,3392
6210518,2019-10-21,cat,opened wound,wound,GN,acinetobacter,2019-10-24,test,False,False,False,False,False,False,False,False,False,False,True,False,False,False,False,False,False,False,False,False,False,False,False,False,R,,,,,,,,R,S,R,,R,R,R,,,,,,,S,,R,3393
6208699,2019-11-04,dog,mic purulent discharge from pc remove perineal mass; hemangiosacroma,xxrare,GN,proteus,2019-11-08,test,False,False,False,False,True,True,False,False,False,False,False,False,False,False,False,False,False,False,False,False,False,False,False,False,S,S,R,I,R,S,S,S,R,R,S,,R,R,S,S,R,,,S,,R,,S,3394
6214212,2019-11-13,dog,urine,urinary tract,GN,burkholderia,2019-11-18,test,False,False,False,False,False,False,False,False,False,False,False,False,False,False,False,False,False,False,False,False,False,False,False,True,R,,,,,,,,R,I,R,,R,R,I,,,,,,,R,,S,3395
6214603,2019-11-08,dog,urine,urinary tract,GN,escherichia,2019-11-13,test,False,False,False,False,False,False,False,False,False,False,False,False,False,False,False,False,False,True,False,False,False,False,False,True,R,R,R,R,R,R,R,R,S,S,R,+,S,S,R,S,S,,,R,,R,,S,3396
6212218,2019-11-14,dog,nasal discharge,nasal cavity,GN,rhizobium,2019-11-20,test,False,False,False,False,False,False,False,False,False,False,True,False,False,False,False,False,False,False,False,False,False,False,False,True,R,,,,,,,,R,S,I,,R,S,I,,,,,,,R,,S,3397
5913177,2019-11-11,dog,urine,urinary tract,GN,escherichia,2019-11-19,test,False,False,True,False,False,False,False,False,False,False,False,False,False,False,False,False,False,False,False,False,False,False,False,True,S,R,R,S,R,I,S,S,I,R,R,-,S,S,R,S,S,,,R,,R,,S,3398
5517759,2019-11-18,dog,urine,urinary tract,GN,proteus,2019-11-21,test,True,False,False,False,False,False,False,False,False,False,False,False,False,False,False,False,False,False,False,False,False,False,False,False,S,R,R,R,R,R,R,R,R,R,R,,R,R,R,S,R,,,R,,R,,R,3399
6214094,2019-10-29,dog,urine,urinary tract,GN,escherichia,2019-11-01,test,False,True,True,False,False,True,False,False,False,False,False,False,False,False,False,False,False,False,False,False,False,False,False,True,S,S,S,S,S,S,S,S,S,R,I,-,S,S,S,S,S,,,S,,R,,S,3400
6214793,2019-11-19,dog,urine,urinary tract,GN,escherichia,2019-11-25,test,False,False,True,False,False,False,False,False,False,False,False,False,False,False,False,False,False,False,False,False,False,False,False,True,S,R,R,S,R,R,S,S,I,R,R,-,S,S,R,S,S,,,R,,R,,S,3401
6214422,2019-11-11,dog,urine,urinary tract,GN,escherichia,2019-11-15,test,False,False,False,False,False,False,False,False,False,False,False,False,False,False,False,False,False,False,False,False,False,False,False,False,S,R,R,R,R,S,S,S,R,R,R,-,S,S,R,S,S,,,R,,R,,S,3402
6109610,2019-11-21,dog,urine,urinary tract,GN,escherichia,2019-11-26,test,False,False,True,False,False,True,False,False,False,False,False,False,False,False,False,False,False,False,False,False,False,False,False,True,S,S,R,S,S,S,S,S,S,S,R,-,R,S,R,S,S,,,R,,S,,S,3403
5614161,2019-10-29,dog,urine,urinary tract,GN,pseudomonas,2019-11-11,test,False,False,False,False,False,False,False,False,False,False,False,True,False,False,False,True,False,False,False,False,False,False,False,False,,,,,,,,,,,,,,,,,,,,,,,,,3404
5913177,2019-11-11,dog,urine,urinary tract,GN,escherichia,2019-11-14,test,False,False,False,False,False,False,False,False,False,False,False,False,False,False,False,False,False,False,False,False,False,False,False,False,S,R,R,R,R,S,R,S,S,R,R,+,S,S,R,S,S,,,R,,R,,S,3405
6214082,2019-11-05,cat,urine,urinary tract,GN,serratia,2019-11-08,test,False,False,False,False,False,True,False,False,False,False,False,True,False,False,False,True,False,False,False,False,False,False,False,True,S,R,,R,R,S,,S,I,S,S,,S,,S,S,R,,,S,,R,,S,3406
6213608,2019-10-29,cat,bal,extremely rare,GN,sphingomonas,2019-11-11,test,True,False,False,False,False,False,False,False,False,False,False,False,False,False,False,True,False,False,False,False,False,False,False,False,,,,,,,,,,,,,,,,,,,,,,,,,3407
เธฃเธเธช.เธ—เธญเธเธซเธฅเนเธญ (PK),2019-11-06,cat,urine,urinary tract,GN,enterobacter,2019-11-12,test,True,False,False,False,False,False,False,False,False,False,False,False,False,True,False,False,False,True,False,False,False,False,False,False,S,R,,R,R,I,R,S,R,R,R,,S,S,R,S,S,,,R,,R,,R,3408
6214575,2019-11-08,cat,abscess,abscess,GN,pasteurella,2019-11-13,test,False,True,True,False,False,False,False,False,False,False,False,False,False,False,False,False,False,False,False,False,False,False,False,True,,S,S,S,,,S,S,S,,S,,I,S,S,,,,,S,,S,,S,3409
Exclusive Veterinary Professional Lab Center (เนเธญเน€เธฅเธตเนเธขเธ),2019-11-18,cat,pus,skin,GN,klebsiella,2019-11-20,test,False,True,False,False,False,True,False,False,False,False,False,False,False,False,False,False,False,False,False,False,False,False,False,False,S,S,R,R,S,S,S,S,S,S,S,-,S,S,S,S,I,,,S,,S,,R,3410
6300302,2019-01-08,dog,urine,urinary tract,GN,pseudomonas,2019-12-13,test,False,False,False,False,False,False,False,False,False,False,False,True,False,False,False,True,False,False,False,False,False,False,False,False,S,,,,,,,,,,S,,S,S,S,,,,,,,,,,3411
6215505,2019-12-09,dog,urine,urinary tract,GN,sphingomonas,2019-12-26,test,False,False,False,False,False,False,False,False,False,False,False,True,False,False,False,True,False,False,False,False,False,False,False,False,,,,,,,,,,,,,,,,,,,,,,,,,3412
เธ.เธกเธเธเธฅเธเธฑเธขเธเธฑเธ’เธเธฒ เธเธณเธเธฑเธ” (เธชเธญเธ),2019-12-03,dog,urine,urinary tract,GN,klebsiella,2019-12-09,test,False,True,True,False,False,True,False,False,False,False,False,False,False,False,False,False,False,False,False,False,False,False,False,True,S,S,R,S,S,S,S,S,S,S,S,-,S,S,S,S,I,,,S,,S,,S,3413
6208346,2019-11-21,dog,opened wound,wound,GN,sphingomonas,2019-12-04,test,False,False,False,False,False,False,False,False,False,False,False,True,False,False,False,True,False,False,False,False,False,False,False,True,,,,,,,,,,,,,,,,,,,,,,,,,3414
5907051,2019-12-16,dog,urine,urinary tract,GN,enterobacter,2019-12-20,test,False,False,False,False,False,True,False,False,False,False,False,True,False,False,False,True,False,False,False,False,False,False,False,True,S,R,,R,R,S,S,S,S,S,S,,S,S,S,S,S,,,S,,S,,S,3415
5505926,2019-12-05,dog,ub mucosa,urinary tract,GN,pseudomonas,2019-12-13,test,False,False,False,False,False,False,False,False,False,False,False,False,False,False,True,False,False,False,False,False,False,False,False,False,R,,,,,,,,,,R,,R,S,R,,,,,,,,,,3416
6215416,2019-11-30,dog,opened wound,wound,GN,escherichia,2019-12-06,test,False,False,False,False,False,True,False,False,False,False,False,True,False,False,False,True,False,False,False,False,False,False,False,False,S,R,R,R,R,S,S,S,R,I,S,-,S,S,S,S,S,,,S,,R,,R,3417
6216207,2019-12-16,dog,urine,urinary tract,GN,pseudomonas,2019-12-19,test,False,False,False,False,False,False,False,False,False,False,False,False,False,False,True,False,False,False,False,False,False,False,False,False,R,,,,,,,,,,R,,R,S,R,,,,,,,,,,3418
Exvetlab (BAC-W-018035(A1)),2019-12-24,dog,urine,urinary tract,GN,acinetobacter,2019-12-27,test,False,False,False,False,False,False,False,False,False,False,False,False,False,False,False,False,False,False,False,False,False,False,False,False,,,,,,,,,,R,R,,R,R,R,,,,,,,R,,R,3419
6214971,2019-12-13,dog,ub mucosa,urinary tract,GN,escherichia,2019-12-13,test,False,False,False,False,False,False,False,False,False,False,False,True,False,False,False,True,False,False,False,False,False,False,False,True,S,R,R,R,R,R,R,R,S,I,S,+,S,S,S,R,S,,,S,,R,,S,3420
5702946,2019-12-24,dog,abdominal fluid,abdomen,GN,klebsiella,2019-12-27,test,False,False,False,False,False,False,False,False,False,False,False,False,False,False,True,False,False,False,False,False,False,False,False,False,R,R,R,R,R,R,R,R,R,R,R,-,R,S,R,I,R,,,R,,R,,R,3421
6003184,2019-12-21,cat,urine,urinary tract,GN,enterobacter,2019-12-26,test,False,False,False,False,False,False,False,False,False,False,False,False,False,False,False,True,False,False,False,False,False,False,False,False,I,R,,R,R,R,R,R,R,S,I,,R,S,S,S,S,,,I,,S,,R,3422
6216107,2019-12-17,cat,ear swab,ear,GN,burkholderia,2019-12-13,test,False,False,False,False,False,False,False,False,False,False,False,False,False,False,False,False,False,False,False,False,False,False,False,True,R,,,,,,,,R,R,R,,R,R,I,,,,,,,R,,S,3423
6215839,2019-12-07,cat,urine,urinary tract,GN,pseudomonas,2019-12-13,test,True,False,False,False,False,False,False,False,False,False,False,False,False,False,True,False,False,False,False,False,False,False,False,False,S,,,,,,,,,,R,,I,S,R,,,,,,,,,,3424
6216056,2019-12-12,cat,ub mucosa,urinary tract,GN,escherichia,2019-12-13,test,False,False,False,False,False,True,False,False,False,False,False,False,False,False,False,True,False,False,False,False,False,False,False,True,S,R,R,R,R,S,S,S,S,S,S,-,S,S,S,S,S,,,S,,S,,S,3425
6215065,2019-11-27,cat,urine,urinary tract,GN,escherichia,2019-12-03,test,False,False,False,False,False,True,False,False,False,False,False,True,False,False,False,True,False,False,False,False,False,False,False,True,S,R,R,R,R,S,S,S,S,S,S,-,S,S,S,S,S,,,S,,R,,S,3426
